task,representation,model,seed,AUC,PR_AUC,BalAcc,Accuracy,F1,Precision_0,Recall_0,Precision_1,Recall_1,MacroF1,Precision_2,Recall_2
renewed_4y,KG,LR,0,0.5792946958276097,0.9050129417070485,0.5003690539257485,0.8867077958496915,0.9399452967059103,0.3333333333333333,0.0009910802775024777,0.8868940754039497,0.9997470275739945,,,
renewed_4y,KG,XGB,0,0.614484000183524,0.9170780401986567,0.5004955401387512,0.886932136848009,0.9400713436385255,1.0,0.0009910802775024777,0.886919452546556,1.0,,,
renewed_4y,KG,LR,1,0.5792946958276097,0.9050129417070485,0.5003690539257485,0.8867077958496915,0.9399452967059103,0.3333333333333333,0.0009910802775024777,0.8868940754039497,0.9997470275739945,,,
renewed_4y,KG,XGB,1,0.6072551062697298,0.9158736443414411,0.5009910802775025,0.8870443073471677,0.9401272370533326,1.0,0.0019821605550049554,0.8870189610681027,1.0,,,
renewed_4y,KG,LR,2,0.5792946958276097,0.9050129417070485,0.5003690539257485,0.8867077958496915,0.9399452967059103,0.3333333333333333,0.0009910802775024777,0.8868940754039497,0.9997470275739945,,,
renewed_4y,KG,XGB,2,0.6115694268908436,0.9179142589745917,0.5009910802775025,0.8870443073471677,0.9401272370533326,1.0,0.0019821605550049554,0.8870189610681027,1.0,,,
renewed_4y,KG,LR,3,0.5792946958276097,0.9050129417070485,0.5003690539257485,0.8867077958496915,0.9399452967059103,0.3333333333333333,0.0009910802775024777,0.8868940754039497,0.9997470275739945,,,
renewed_4y,KG,XGB,3,0.6170376678198767,0.917841661077813,0.5009278371710011,0.886932136848009,0.940064216910453,0.6666666666666666,0.0019821605550049554,0.8870062836624776,0.9998735137869972,,,
renewed_4y,KG,LR,4,0.5792946958276097,0.9050129417070485,0.5003690539257485,0.8867077958496915,0.9399452967059103,0.3333333333333333,0.0009910802775024777,0.8868940754039497,0.9997470275739945,,,
renewed_4y,KG,XGB,4,0.6045293847906158,0.914191596695053,0.5009910802775025,0.8870443073471677,0.9401272370533326,1.0,0.0019821605550049554,0.8870189610681027,1.0,,,
renewed_4y,KG,LR,5,0.5792946958276097,0.9050129417070485,0.5003690539257485,0.8867077958496915,0.9399452967059103,0.3333333333333333,0.0009910802775024777,0.8868940754039497,0.9997470275739945,,,
renewed_4y,KG,XGB,5,0.6126518931438455,0.9186077474397891,0.501982160555005,0.8872686483454851,0.9402390438247012,1.0,0.003964321110009911,0.8872180451127819,1.0,,,
renewed_4y,KG,LR,6,0.5792946958276097,0.9050129417070485,0.5003690539257485,0.8867077958496915,0.9399452967059103,0.3333333333333333,0.0009910802775024777,0.8868940754039497,0.9997470275739945,,,
renewed_4y,KG,XGB,6,0.609649819973389,0.916647818762029,0.5014233773097523,0.8870443073471677,0.9401201165487304,0.75,0.002973240832507433,0.8871058242621479,0.9998735137869972,,,
renewed_4y,KG,LR,7,0.5792946958276097,0.9050129417070485,0.5003690539257485,0.8867077958496915,0.9399452967059103,0.3333333333333333,0.0009910802775024777,0.8868940754039497,0.9997470275739945,,,
renewed_4y,KG,XGB,7,0.6123904590534418,0.9184689148239515,0.5009910802775025,0.8870443073471677,0.9401272370533326,1.0,0.0019821605550049554,0.8870189610681027,1.0,,,
renewed_4y,KG,LR,8,0.5792946958276097,0.9050129417070485,0.5003690539257485,0.8867077958496915,0.9399452967059103,0.3333333333333333,0.0009910802775024777,0.8868940754039497,0.9997470275739945,,,
renewed_4y,KG,XGB,8,0.6078301233748278,0.9165310626967339,0.5009910802775025,0.8870443073471677,0.9401272370533326,1.0,0.0019821605550049554,0.8870189610681027,1.0,,,
renewed_4y,KG,LR,9,0.5792946958276097,0.9050129417070485,0.5003690539257485,0.8867077958496915,0.9399452967059103,0.3333333333333333,0.0009910802775024777,0.8868940754039497,0.9997470275739945,,,
renewed_4y,KG,XGB,9,0.6028373653059725,0.9152187213182582,0.5004955401387512,0.886932136848009,0.9400713436385255,1.0,0.0009910802775024777,0.886919452546556,1.0,,,
renewed_4y,TEXT,LR,0,0.5570872769912678,0.9007504095953793,0.5059577012052168,0.8843522153673584,0.9385028332836266,0.30357142857142855,0.01684836471754212,0.8880234789479625,0.9950670376928915,,,
renewed_4y,TEXT,XGB,0,0.5931483834961693,0.9101796415482664,0.501982160555005,0.8872686483454851,0.9402390438247012,1.0,0.003964321110009911,0.8872180451127819,1.0,,,
renewed_4y,TEXT,LR,1,0.5570872769912678,0.9007504095953793,0.5059577012052168,0.8843522153673584,0.9385028332836266,0.30357142857142855,0.01684836471754212,0.8880234789479625,0.9950670376928915,,,
renewed_4y,TEXT,XGB,1,0.5822570931938884,0.9060574137181211,0.501982160555005,0.8872686483454851,0.9402390438247012,1.0,0.003964321110009911,0.8872180451127819,1.0,,,
renewed_4y,TEXT,LR,2,0.5570872769912678,0.9007504095953793,0.5059577012052168,0.8843522153673584,0.9385028332836266,0.30357142857142855,0.01684836471754212,0.8880234789479625,0.9950670376928915,,,
renewed_4y,TEXT,XGB,2,0.5829933206755191,0.9056548080469127,0.5014866204162537,0.8871564778463265,0.9401831371149958,1.0,0.002973240832507433,0.8871184919210053,1.0,,,
renewed_4y,TEXT,LR,3,0.5570872769912678,0.9007504095953793,0.5059577012052168,0.8843522153673584,0.9385028332836266,0.30357142857142855,0.01684836471754212,0.8880234789479625,0.9950670376928915,,,
renewed_4y,TEXT,XGB,3,0.590403419565424,0.9091314054808934,0.5029732408325074,0.8874929893438026,0.9403508771929825,1.0,0.005946481665014866,0.8874172185430463,1.0,,,
renewed_4y,TEXT,LR,4,0.5570872769912678,0.9007504095953793,0.5059577012052168,0.8843522153673584,0.9385028332836266,0.30357142857142855,0.01684836471754212,0.8880234789479625,0.9950670376928915,,,
renewed_4y,TEXT,XGB,4,0.584633441951854,0.9070687203458461,0.5029732408325074,0.8874929893438026,0.9403508771929825,1.0,0.005946481665014866,0.8874172185430463,1.0,,,
renewed_4y,TEXT,LR,5,0.5570872769912678,0.9007504095953793,0.5059577012052168,0.8843522153673584,0.9385028332836266,0.30357142857142855,0.01684836471754212,0.8880234789479625,0.9950670376928915,,,
renewed_4y,TEXT,XGB,5,0.5951588749571588,0.9103544023878176,0.5039643211100099,0.88771733034212,0.9404627371676679,1.0,0.007928642220019821,0.8876164814191085,1.0,,,
renewed_4y,TEXT,LR,6,0.5570872769912678,0.9007504095953793,0.5059577012052168,0.8843522153673584,0.9385028332836266,0.30357142857142855,0.01684836471754212,0.8880234789479625,0.9950670376928915,,,
renewed_4y,TEXT,XGB,6,0.5872146883462448,0.9099044079239066,0.5029732408325074,0.8874929893438026,0.9403508771929825,1.0,0.005946481665014866,0.8874172185430463,1.0,,,
renewed_4y,TEXT,LR,7,0.5570872769912678,0.9007504095953793,0.5059577012052168,0.8843522153673584,0.9385028332836266,0.30357142857142855,0.01684836471754212,0.8880234789479625,0.9950670376928915,,,
renewed_4y,TEXT,XGB,7,0.5911519321301808,0.9090859247690868,0.5029732408325074,0.8874929893438026,0.9403508771929825,1.0,0.005946481665014866,0.8874172185430463,1.0,,,
renewed_4y,TEXT,LR,8,0.5570872769912678,0.9007504095953793,0.5059577012052168,0.8843522153673584,0.9385028332836266,0.30357142857142855,0.01684836471754212,0.8880234789479625,0.9950670376928915,,,
renewed_4y,TEXT,XGB,8,0.5802395190064025,0.9075185657891429,0.5024144575872548,0.8872686483454851,0.9402319357716324,0.8333333333333334,0.004955401387512388,0.8873049724997194,0.9998735137869972,,,
renewed_4y,TEXT,LR,9,0.5570872769912678,0.9007504095953793,0.5059577012052168,0.8843522153673584,0.9385028332836266,0.30357142857142855,0.01684836471754212,0.8880234789479625,0.9950670376928915,,,
renewed_4y,TEXT,XGB,9,0.5906024253762683,0.9088127316476559,0.5029732408325074,0.8874929893438026,0.9403508771929825,1.0,0.005946481665014866,0.8874172185430463,1.0,,,
renewed_4y,HYBRID,LR,0,0.5779880894865512,0.9049099743784625,0.510207023707954,0.8834548513740886,0.9379145503435913,0.32558139534883723,0.027750247770069375,0.8888888888888888,0.9926637996458386,,,
renewed_4y,HYBRID,XGB,0,0.6182340844867731,0.9168633782179951,0.5018556743420022,0.8870443073471677,0.9401129943502825,0.6666666666666666,0.003964321110009911,0.8871927264563925,0.9997470275739945,,,
renewed_4y,HYBRID,LR,1,0.5779880894865512,0.9049099743784625,0.510207023707954,0.8834548513740886,0.9379145503435913,0.32558139534883723,0.027750247770069375,0.8888888888888888,0.9926637996458386,,,
renewed_4y,HYBRID,XGB,1,0.6264640873173565,0.9203984509788848,0.501982160555005,0.8872686483454851,0.9402390438247012,1.0,0.003964321110009911,0.8872180451127819,1.0,,,
renewed_4y,HYBRID,LR,2,0.5779880894865512,0.9049099743784625,0.510207023707954,0.8834548513740886,0.9379145503435913,0.32558139534883723,0.027750247770069375,0.8888888888888888,0.9926637996458386,,,
renewed_4y,HYBRID,XGB,2,0.6098736466664678,0.9140470748004631,0.5014866204162537,0.8871564778463265,0.9401831371149958,1.0,0.002973240832507433,0.8871184919210053,1.0,,,
renewed_4y,HYBRID,LR,3,0.5779880894865512,0.9049099743784625,0.510207023707954,0.8834548513740886,0.9379145503435913,0.32558139534883723,0.027750247770069375,0.8888888888888888,0.9926637996458386,,,
renewed_4y,HYBRID,XGB,3,0.6209791737755094,0.9173689105155323,0.502909997726006,0.8873808188446438,0.9402878553586297,0.8571428571428571,0.005946481665014866,0.8874045801526718,0.9998735137869972,,,
renewed_4y,HYBRID,LR,4,0.5779880894865512,0.9049099743784625,0.510207023707954,0.8834548513740886,0.9379145503435913,0.32558139534883723,0.027750247770069375,0.8888888888888888,0.9926637996458386,,,
renewed_4y,HYBRID,XGB,4,0.6224184088711338,0.9173169809948118,0.501982160555005,0.8872686483454851,0.9402390438247012,1.0,0.003964321110009911,0.8872180451127819,1.0,,,
renewed_4y,HYBRID,LR,5,0.5779880894865512,0.9049099743784625,0.510207023707954,0.8834548513740886,0.9379145503435913,0.32558139534883723,0.027750247770069375,0.8888888888888888,0.9926637996458386,,,
renewed_4y,HYBRID,XGB,5,0.6121435038110083,0.9153540849405037,0.501982160555005,0.8872686483454851,0.9402390438247012,1.0,0.003964321110009911,0.8872180451127819,1.0,,,
renewed_4y,HYBRID,LR,6,0.5779880894865512,0.9049099743784625,0.510207023707954,0.8834548513740886,0.9379145503435913,0.32558139534883723,0.027750247770069375,0.8888888888888888,0.9926637996458386,,,
renewed_4y,HYBRID,XGB,6,0.6120450351090125,0.9171501777122736,0.501982160555005,0.8872686483454851,0.9402390438247012,1.0,0.003964321110009911,0.8872180451127819,1.0,,,
renewed_4y,HYBRID,LR,7,0.5779880894865512,0.9049099743784625,0.510207023707954,0.8834548513740886,0.9379145503435913,0.32558139534883723,0.027750247770069375,0.8888888888888888,0.9926637996458386,,,
renewed_4y,HYBRID,XGB,7,0.6238199738904376,0.9179761677563375,0.5019189174485036,0.8871564778463265,0.9401760228353948,0.8,0.003964321110009911,0.8872053872053872,0.9998735137869972,,,
renewed_4y,HYBRID,LR,8,0.5779880894865512,0.9049099743784625,0.510207023707954,0.8834548513740886,0.9379145503435913,0.32558139534883723,0.027750247770069375,0.8888888888888888,0.9926637996458386,,,
renewed_4y,HYBRID,XGB,8,0.6111934155965901,0.9133005371258491,0.501982160555005,0.8872686483454851,0.9402390438247012,1.0,0.003964321110009911,0.8872180451127819,1.0,,,
renewed_4y,HYBRID,LR,9,0.5779880894865512,0.9049099743784625,0.510207023707954,0.8834548513740886,0.9379145503435913,0.32558139534883723,0.027750247770069375,0.8888888888888888,0.9926637996458386,,,
renewed_4y,HYBRID,XGB,9,0.6151910192532325,0.9150542603204177,0.5019189174485036,0.8871564778463265,0.9401760228353948,0.8,0.003964321110009911,0.8872053872053872,0.9998735137869972,,,
renewed_4y,META,LR,0,0.566276331132632,0.9121148216482171,0.5,0.8868199663488503,0.9400154568693895,0.0,0.0,0.8868199663488503,1.0,,,
renewed_4y,META,XGB,0,0.5887218047940406,0.9184708085229896,0.5024672959804963,0.8865956253505328,0.9398464925328732,0.42857142857142855,0.005946481665014866,0.8873160319065273,0.9989881102959778,,,
renewed_4y,META,LR,1,0.566276331132632,0.9121148216482171,0.5,0.8868199663488503,0.9400154568693895,0.0,0.0,0.8868199663488503,1.0,,,
renewed_4y,META,XGB,1,0.5878384070308784,0.9175292797999032,0.5030260792257489,0.8868199663488503,0.9399654905694056,0.5,0.006937561942517344,0.8874283788338388,0.9991145965089805,,,
renewed_4y,META,LR,2,0.566276331132632,0.9121148216482171,0.5,0.8868199663488503,0.9400154568693895,0.0,0.0,0.8868199663488503,1.0,,,
renewed_4y,META,XGB,2,0.5918589511998891,0.9186675948471854,0.5030893223322503,0.886932136848009,0.9400285578296049,0.5384615384615384,0.006937561942517344,0.8874410244888788,0.9992410827219833,,,
renewed_4y,META,LR,3,0.566276331132632,0.9121148216482171,0.5,0.8868199663488503,0.9400154568693895,0.0,0.0,0.8868199663488503,1.0,,,
renewed_4y,META,XGB,3,0.5876842793808418,0.9175734204260059,0.5025305390869976,0.8867077958496915,0.9399095668729177,0.46153846153846156,0.005946481665014866,0.8873286901819816,0.9991145965089805,,,
renewed_4y,META,LR,4,0.566276331132632,0.9121148216482171,0.5,0.8868199663488503,0.9400154568693895,0.0,0.0,0.8868199663488503,1.0,,,
renewed_4y,META,XGB,4,0.5897426575944252,0.9174210662914294,0.5024672959804963,0.8865956253505328,0.9398464925328732,0.42857142857142855,0.005946481665014866,0.8873160319065273,0.9989881102959778,,,
renewed_4y,META,LR,5,0.566276331132632,0.9121148216482171,0.5,0.8868199663488503,0.9400154568693895,0.0,0.0,0.8868199663488503,1.0,,,
renewed_4y,META,XGB,5,0.5906064995109785,0.9185910513007257,0.5035216193645001,0.886932136848009,0.9400214209210996,0.5333333333333333,0.007928642220019821,0.8875280898876404,0.9991145965089805,,,
renewed_4y,META,LR,6,0.566276331132632,0.9121148216482171,0.5,0.8868199663488503,0.9400154568693895,0.0,0.0,0.8868199663488503,1.0,,,
renewed_4y,META,XGB,6,0.590518936954207,0.9180663092164022,0.502593782193499,0.8868199663488503,0.9399726337081326,0.5,0.005946481665014866,0.887341345613838,0.9992410827219833,,,
renewed_4y,META,LR,7,0.566276331132632,0.9121148216482171,0.5,0.8868199663488503,0.9400154568693895,0.0,0.0,0.8868199663488503,1.0,,,
renewed_4y,META,XGB,7,0.5897497403209215,0.9180114165961739,0.5025305390869976,0.8867077958496915,0.9399095668729177,0.46153846153846156,0.005946481665014866,0.8873286901819816,0.9991145965089805,,,
renewed_4y,META,LR,8,0.566276331132632,0.9121148216482171,0.5,0.8868199663488503,0.9400154568693895,0.0,0.0,0.8868199663488503,1.0,,,
renewed_4y,META,XGB,8,0.5916572501922366,0.9187221222155701,0.5024040528739949,0.8864834548513741,0.9397834106866595,0.4,0.005946481665014866,0.8873033707865169,0.998861624082975,,,
renewed_4y,META,LR,9,0.566276331132632,0.9121148216482171,0.5,0.8868199663488503,0.9400154568693895,0.0,0.0,0.8868199663488503,1.0,,,
renewed_4y,META,XGB,9,0.5889667543086168,0.9173394196617257,0.5025305390869976,0.8867077958496915,0.9399095668729177,0.46153846153846156,0.005946481665014866,0.8873286901819816,0.9991145965089805,,,
renewed_4y,KG+META,LR,0,0.6095729128458596,0.9164317910059505,0.5008013509579983,0.8867077958496915,0.9399381541389153,0.4,0.0019821605550049554,0.8869809203142537,0.9996205413609917,,,
renewed_4y,KG+META,XGB,0,0.647113494361523,0.9279681016790698,0.5021614851612493,0.8868199663488503,0.9399797751472251,0.5,0.004955401387512388,0.8872543514879281,0.9993675689349861,,,
renewed_4y,KG+META,LR,1,0.6095729128458596,0.9164317910059505,0.5008013509579983,0.8867077958496915,0.9399381541389153,0.4,0.0019821605550049554,0.8869809203142537,0.9996205413609917,,,
renewed_4y,KG+META,XGB,1,0.6438220949476468,0.926148987165559,0.5038378348970072,0.8874929893438026,0.9403366843138421,0.8,0.007928642220019821,0.8875912408759125,0.9997470275739945,,,
renewed_4y,KG+META,LR,2,0.6095729128458596,0.9164317910059505,0.5008013509579983,0.8867077958496915,0.9399381541389153,0.4,0.0019821605550049554,0.8869809203142537,0.9996205413609917,,,
renewed_4y,KG+META,XGB,2,0.6422393249522323,0.9264434399092288,0.5034055378647573,0.8874929893438026,0.9403437815975733,0.875,0.006937561942517344,0.887504210171775,0.9998735137869972,,,
renewed_4y,KG+META,LR,3,0.6095729128458596,0.9164317910059505,0.5008013509579983,0.8867077958496915,0.9399381541389153,0.4,0.0019821605550049554,0.8869809203142537,0.9996205413609917,,,
renewed_4y,KG+META,XGB,3,0.6490374261296699,0.9293197906111512,0.5023512144807535,0.8871564778463265,0.9401689068633282,0.7142857142857143,0.004955401387512388,0.8872923215087561,0.9997470275739945,,,
renewed_4y,KG+META,LR,4,0.6095729128458596,0.9164317910059505,0.5008013509579983,0.8867077958496915,0.9399381541389153,0.4,0.0019821605550049554,0.8869809203142537,0.9996205413609917,,,
renewed_4y,KG+META,XGB,4,0.6426926194479886,0.9269977540668395,0.5039010780035085,0.8876051598429613,0.9403997144896502,0.8888888888888888,0.007928642220019821,0.8876038625645633,0.9998735137869972,,,
renewed_4y,KG+META,LR,5,0.6095729128458596,0.9164317910059505,0.5008013509579983,0.8867077958496915,0.9399381541389153,0.4,0.0019821605550049554,0.8869809203142537,0.9996205413609917,,,
renewed_4y,KG+META,XGB,5,0.6468970637899181,0.9284161477714274,0.502909997726006,0.8873808188446438,0.9402878553586297,0.8571428571428571,0.005946481665014866,0.8874045801526718,0.9998735137869972,,,
renewed_4y,KG+META,LR,6,0.6095729128458596,0.9164317910059505,0.5008013509579983,0.8867077958496915,0.9399381541389153,0.4,0.0019821605550049554,0.8869809203142537,0.9996205413609917,,,
renewed_4y,KG+META,XGB,6,0.6392813151156415,0.9259672355403052,0.5023512144807535,0.8871564778463265,0.9401689068633282,0.7142857142857143,0.004955401387512388,0.8872923215087561,0.9997470275739945,,,
renewed_4y,KG+META,LR,7,0.6095729128458596,0.9164317910059505,0.5008013509579983,0.8867077958496915,0.9399381541389153,0.4,0.0019821605550049554,0.8869809203142537,0.9996205413609917,,,
renewed_4y,KG+META,XGB,7,0.6454639712358567,0.9274898893904086,0.5028467546195047,0.8872686483454851,0.9402248260274787,0.75,0.005946481665014866,0.8873919389244415,0.9997470275739945,,,
renewed_4y,KG+META,LR,8,0.6095729128458596,0.9164317910059505,0.5008013509579983,0.8867077958496915,0.9399381541389153,0.4,0.0019821605550049554,0.8869809203142537,0.9996205413609917,,,
renewed_4y,KG+META,XGB,8,0.6493599095617308,0.9285209156423895,0.5028467546195047,0.8872686483454851,0.9402248260274787,0.75,0.005946481665014866,0.8873919389244415,0.9997470275739945,,,
renewed_4y,KG+META,LR,9,0.6095729128458596,0.9164317910059505,0.5008013509579983,0.8867077958496915,0.9399381541389153,0.4,0.0019821605550049554,0.8869809203142537,0.9996205413609917,,,
renewed_4y,KG+META,XGB,9,0.6452880312953717,0.9269795392067206,0.502909997726006,0.8873808188446438,0.9402878553586297,0.8571428571428571,0.005946481665014866,0.8874045801526718,0.9998735137869972,,,
renewed_4y,FULL,LR,0,0.5960566888892956,0.9124508555531516,0.5127479675082116,0.884127874369041,0.9382583228737075,0.36666666666666664,0.03270564915758176,0.8894050991501417,0.9927902858588414,,,
renewed_4y,FULL,XGB,0,0.6438953666934348,0.9257076305787136,0.5024777006937562,0.8873808188446438,0.9402949571836346,1.0,0.004955401387512388,0.887317620650954,1.0,,,
renewed_4y,FULL,LR,1,0.5960566888892956,0.9124508555531516,0.5127479675082116,0.884127874369041,0.9382583228737075,0.36666666666666664,0.03270564915758176,0.8894050991501417,0.9927902858588414,,,
renewed_4y,FULL,XGB,1,0.6436874604652236,0.9260769593337005,0.5024777006937562,0.8873808188446438,0.9402949571836346,1.0,0.004955401387512388,0.887317620650954,1.0,,,
renewed_4y,FULL,LR,2,0.5960566888892956,0.9124508555531516,0.5127479675082116,0.884127874369041,0.9382583228737075,0.36666666666666664,0.03270564915758176,0.8894050991501417,0.9927902858588414,,,
renewed_4y,FULL,XGB,2,0.6497064617280799,0.927033347174687,0.5019189174485036,0.8871564778463265,0.9401760228353948,0.8,0.003964321110009911,0.8872053872053872,0.9998735137869972,,,
renewed_4y,FULL,LR,3,0.5960566888892956,0.9124508555531516,0.5127479675082116,0.884127874369041,0.9382583228737075,0.36666666666666664,0.03270564915758176,0.8894050991501417,0.9927902858588414,,,
renewed_4y,FULL,XGB,3,0.6475012266279427,0.9262289866988402,0.501982160555005,0.8872686483454851,0.9402390438247012,1.0,0.003964321110009911,0.8872180451127819,1.0,,,
renewed_4y,FULL,LR,4,0.5960566888892956,0.9124508555531516,0.5127479675082116,0.884127874369041,0.9382583228737075,0.36666666666666664,0.03270564915758176,0.8894050991501417,0.9927902858588414,,,
renewed_4y,FULL,XGB,4,0.6458208654364702,0.9260885830723229,0.5024777006937562,0.8873808188446438,0.9402949571836346,1.0,0.004955401387512388,0.887317620650954,1.0,,,
renewed_4y,FULL,LR,5,0.5960566888892956,0.9124508555531516,0.5127479675082116,0.884127874369041,0.9382583228737075,0.36666666666666664,0.03270564915758176,0.8894050991501417,0.9927902858588414,,,
renewed_4y,FULL,XGB,5,0.6458281988789486,0.9253752072138027,0.5024777006937562,0.8873808188446438,0.9402949571836346,1.0,0.004955401387512388,0.887317620650954,1.0,,,
renewed_4y,FULL,LR,6,0.5960566888892956,0.9124508555531516,0.5127479675082116,0.884127874369041,0.9382583228737075,0.36666666666666664,0.03270564915758176,0.8894050991501417,0.9927902858588414,,,
renewed_4y,FULL,XGB,6,0.6542085686198361,0.9266592019428963,0.5034055378647573,0.8874929893438026,0.9403437815975733,0.875,0.006937561942517344,0.887504210171775,0.9998735137869972,,,
renewed_4y,FULL,LR,7,0.5960566888892956,0.9124508555531516,0.5127479675082116,0.884127874369041,0.9382583228737075,0.36666666666666664,0.03270564915758176,0.8894050991501417,0.9927902858588414,,,
renewed_4y,FULL,XGB,7,0.6406086055252287,0.9237152560161468,0.5018556743420022,0.8870443073471677,0.9401129943502825,0.6666666666666666,0.003964321110009911,0.8871927264563925,0.9997470275739945,,,
renewed_4y,FULL,LR,8,0.5960566888892956,0.9124508555531516,0.5127479675082116,0.884127874369041,0.9382583228737075,0.36666666666666664,0.03270564915758176,0.8894050991501417,0.9927902858588414,,,
renewed_4y,FULL,XGB,8,0.6480876513102293,0.9274928499396333,0.5024777006937562,0.8873808188446438,0.9402949571836346,1.0,0.004955401387512388,0.887317620650954,1.0,,,
renewed_4y,FULL,LR,9,0.5960566888892956,0.9124508555531516,0.5127479675082116,0.884127874369041,0.9382583228737075,0.36666666666666664,0.03270564915758176,0.8894050991501417,0.9927902858588414,,,
renewed_4y,FULL,XGB,9,0.6484355197354846,0.9270898058308581,0.5029732408325074,0.8874929893438026,0.9403508771929825,1.0,0.005946481665014866,0.8874172185430463,1.0,,,
renewed_4y,NETFEAT,LR,0,0.567974681195825,0.9081770617074827,0.5,0.8868199663488503,0.9400154568693895,0.0,0.0,0.8868199663488503,1.0,,,
renewed_4y,NETFEAT,XGB,0,0.5823089914021968,0.9142132499605764,0.5,0.8868199663488503,0.9400154568693895,0.0,0.0,0.8868199663488503,1.0,,,
renewed_4y,NETFEAT,LR,1,0.567974681195825,0.9081770617074827,0.5,0.8868199663488503,0.9400154568693895,0.0,0.0,0.8868199663488503,1.0,,,
renewed_4y,NETFEAT,XGB,1,0.5815683137118828,0.9138848729458828,0.5004955401387512,0.886932136848009,0.9400713436385255,1.0,0.0009910802775024777,0.886919452546556,1.0,,,
renewed_4y,NETFEAT,LR,2,0.567974681195825,0.9081770617074827,0.5,0.8868199663488503,0.9400154568693895,0.0,0.0,0.8868199663488503,1.0,,,
renewed_4y,NETFEAT,XGB,2,0.5810542832694467,0.9139375688406289,0.5,0.8868199663488503,0.9400154568693895,0.0,0.0,0.8868199663488503,1.0,,,
renewed_4y,NETFEAT,LR,3,0.567974681195825,0.9081770617074827,0.5,0.8868199663488503,0.9400154568693895,0.0,0.0,0.8868199663488503,1.0,,,
renewed_4y,NETFEAT,XGB,3,0.5828774898917584,0.914165496737326,0.5,0.8868199663488503,0.9400154568693895,0.0,0.0,0.8868199663488503,1.0,,,
renewed_4y,NETFEAT,LR,4,0.567974681195825,0.9081770617074827,0.5,0.8868199663488503,0.9400154568693895,0.0,0.0,0.8868199663488503,1.0,,,
renewed_4y,NETFEAT,XGB,4,0.583192389165359,0.9143058268897163,0.5,0.8868199663488503,0.9400154568693895,0.0,0.0,0.8868199663488503,1.0,,,
renewed_4y,NETFEAT,LR,5,0.567974681195825,0.9081770617074827,0.5,0.8868199663488503,0.9400154568693895,0.0,0.0,0.8868199663488503,1.0,,,
renewed_4y,NETFEAT,XGB,5,0.5848100713612899,0.9144794905500822,0.5,0.8868199663488503,0.9400154568693895,0.0,0.0,0.8868199663488503,1.0,,,
renewed_4y,NETFEAT,LR,6,0.567974681195825,0.9081770617074827,0.5,0.8868199663488503,0.9400154568693895,0.0,0.0,0.8868199663488503,1.0,,,
renewed_4y,NETFEAT,XGB,6,0.5860691043447324,0.9154410940122474,0.5,0.8868199663488503,0.9400154568693895,0.0,0.0,0.8868199663488503,1.0,,,
renewed_4y,NETFEAT,LR,7,0.567974681195825,0.9081770617074827,0.5,0.8868199663488503,0.9400154568693895,0.0,0.0,0.8868199663488503,1.0,,,
renewed_4y,NETFEAT,XGB,7,0.5808763376011044,0.9136012358504135,0.5,0.8868199663488503,0.9400154568693895,0.0,0.0,0.8868199663488503,1.0,,,
renewed_4y,NETFEAT,LR,8,0.567974681195825,0.9081770617074827,0.5,0.8868199663488503,0.9400154568693895,0.0,0.0,0.8868199663488503,1.0,,,
renewed_4y,NETFEAT,XGB,8,0.5831487019054664,0.9140236662841437,0.5,0.8868199663488503,0.9400154568693895,0.0,0.0,0.8868199663488503,1.0,,,
renewed_4y,NETFEAT,LR,9,0.567974681195825,0.9081770617074827,0.5,0.8868199663488503,0.9400154568693895,0.0,0.0,0.8868199663488503,1.0,,,
renewed_4y,NETFEAT,XGB,9,0.5826386829187452,0.9145204198581294,0.5,0.8868199663488503,0.9400154568693895,0.0,0.0,0.8868199663488503,1.0,,,
is_triadic,KG,LR,0,0.683057109088865,0.42878904946208907,0.5629314975425317,0.7583847448121144,0.26283367556468173,0.7758851441781238,0.953356256540589,0.5517241379310345,0.1725067385444744,,,
is_triadic,KG,XGB,0,0.7462775644985524,0.5164484074923282,0.5842550770283432,0.7782389231632081,0.3070452155625657,0.7842664092664092,0.9717446554043953,0.6985645933014354,0.1967654986522911,,,
is_triadic,KG,LR,1,0.683057109088865,0.42878904946208907,0.5629314975425317,0.7583847448121144,0.26283367556468173,0.7758851441781238,0.953356256540589,0.5517241379310345,0.1725067385444744,,,
is_triadic,KG,XGB,1,0.7488037379361349,0.51466747467968,0.580661186642,0.7764441951766685,0.2974973563623546,0.7827552986512524,0.9717446554043953,0.690671031096563,0.18957771787960467,,,
is_triadic,KG,LR,2,0.683057109088865,0.42878904946208907,0.5629314975425317,0.7583847448121144,0.26283367556468173,0.7758851441781238,0.953356256540589,0.5517241379310345,0.1725067385444744,,,
is_triadic,KG,XGB,2,0.748973318090596,0.5192872768209951,0.5835812225809038,0.7779024116657319,0.30526315789473685,0.7839826317693885,0.9717446554043953,0.6971153846153846,0.1954177897574124,,,
is_triadic,KG,LR,3,0.683057109088865,0.42878904946208907,0.5629314975425317,0.7583847448121144,0.26283367556468173,0.7758851441781238,0.953356256540589,0.5517241379310345,0.1725067385444744,,,
is_triadic,KG,XGB,3,0.7503824116433666,0.518944575085714,0.5874744807052708,0.7799214806505889,0.3154221912072575,0.785619335347432,0.9718941545821498,0.70625,0.20305480682839172,,,
is_triadic,KG,LR,4,0.683057109088865,0.42878904946208907,0.5629314975425317,0.7583847448121144,0.26283367556468173,0.7758851441781238,0.953356256540589,0.5517241379310345,0.1725067385444744,,,
is_triadic,KG,XGB,4,0.7486406051855663,0.5180845045492823,0.5848560287994786,0.7773415591699383,0.3100451859575947,0.7846079380445304,0.9693526685603229,0.685099846390169,0.20035938903863432,,,
is_triadic,KG,LR,5,0.683057109088865,0.42878904946208907,0.5629314975425317,0.7583847448121144,0.26283367556468173,0.7758851441781238,0.953356256540589,0.5517241379310345,0.1725067385444744,,,
is_triadic,KG,XGB,5,0.7481912009861306,0.5181233846505467,0.5817839080052176,0.7772293886707796,0.30021141649048627,0.7832108876309768,0.9721931529376588,0.696078431372549,0.19137466307277629,,,
is_triadic,KG,LR,6,0.683057109088865,0.42878904946208907,0.5629314975425317,0.7583847448121144,0.26283367556468173,0.7758851441781238,0.953356256540589,0.5517241379310345,0.1725067385444744,,,
is_triadic,KG,XGB,6,0.7513278965600012,0.5175048803133204,0.5836563415522957,0.7777902411665731,0.30564318261479145,0.7840250965250966,0.9714456570488862,0.6953748006379585,0.1958670260557053,,,
is_triadic,KG,LR,7,0.683057109088865,0.42878904946208907,0.5629314975425317,0.7583847448121144,0.26283367556468173,0.7758851441781238,0.953356256540589,0.5517241379310345,0.1725067385444744,,,
is_triadic,KG,XGB,7,0.7473040113463563,0.5214470267544324,0.5847020970315481,0.7798093101514302,0.30660543977393145,0.7843561973525872,0.9744356406039767,0.7173553719008264,0.1949685534591195,,,
is_triadic,KG,LR,8,0.683057109088865,0.42878904946208907,0.5629314975425317,0.7583847448121144,0.26283367556468173,0.7758851441781238,0.953356256540589,0.5517241379310345,0.1725067385444744,,,
is_triadic,KG,XGB,8,0.7485664936210328,0.5161829158822451,0.5828304022494992,0.7787997756590017,0.301699716713881,0.7835758085848262,0.9742861414262222,0.7123745819397993,0.19137466307277629,,,
is_triadic,KG,LR,9,0.683057109088865,0.42878904946208907,0.5629314975425317,0.7583847448121144,0.26283367556468173,0.7758851441781238,0.953356256540589,0.5517241379310345,0.1725067385444744,,,
is_triadic,KG,XGB,9,0.7471133428083305,0.5180798622724639,0.5848541818869053,0.7784632641615256,0.3087154357717886,0.7845243843553839,0.9715951562266407,0.6988906497622821,0.19811320754716982,,,
is_triadic,TEXT,LR,0,0.6934216130679205,0.4052943388461685,0.5684288496071852,0.7418956814357824,0.30039525691699603,0.7794192562404483,0.9149349678576768,0.464722483537159,0.22192273135669363,,,
is_triadic,TEXT,XGB,0,0.7261743576807452,0.47610368917491763,0.5390176735429573,0.7643297812675266,0.15859030837004406,0.7653863951874132,0.9890865600239198,0.7306273062730627,0.0889487870619946,,,
is_triadic,TEXT,LR,1,0.6934216130679205,0.4052943388461685,0.5684288496071852,0.7418956814357824,0.30039525691699603,0.7794192562404483,0.9149349678576768,0.464722483537159,0.22192273135669363,,,
is_triadic,TEXT,XGB,1,0.7276989672199211,0.4773958043373425,0.5357235202771524,0.7625350532809871,0.14808853118712273,0.76409426987061,0.9887875616684109,0.7104247104247104,0.08265947888589398,,,
is_triadic,TEXT,LR,2,0.6934216130679205,0.4052943388461685,0.5684288496071852,0.7418956814357824,0.30039525691699603,0.7794192562404483,0.9149349678576768,0.464722483537159,0.22192273135669363,,,
is_triadic,TEXT,XGB,2,0.724897536648454,0.4812156432960301,0.5343754419997591,0.7620863712843522,0.14303030303030304,0.7635587352873298,0.9892360592016743,0.7108433734939759,0.07951482479784366,,,
is_triadic,TEXT,LR,3,0.6934216130679205,0.4052943388461685,0.5684288496071852,0.7418956814357824,0.30039525691699603,0.7794192562404483,0.9149349678576768,0.464722483537159,0.22192273135669363,,,
is_triadic,TEXT,XGB,3,0.7271812944157288,0.4760103890494431,0.5369975877306978,0.7624228827818283,0.15415335463258786,0.76461734398518,0.9872925698908656,0.6942446043165468,0.0867026055705301,,,
is_triadic,TEXT,LR,4,0.6934216130679205,0.4052943388461685,0.5684288496071852,0.7418956814357824,0.30039525691699603,0.7794192562404483,0.9149349678576768,0.464722483537159,0.22192273135669363,,,
is_triadic,TEXT,XGB,4,0.7269381064001632,0.4772468567261926,0.5393925296348876,0.7642176107683679,0.16054313099041534,0.765543591524835,0.9884885633129018,0.7230215827338129,0.09029649595687332,,,
is_triadic,TEXT,LR,5,0.6934216130679205,0.4052943388461685,0.5684288496071852,0.7418956814357824,0.30039525691699603,0.7794192562404483,0.9149349678576768,0.464722483537159,0.22192273135669363,,,
is_triadic,TEXT,XGB,5,0.7278933967435507,0.4770989063474398,0.534450560971151,0.7619742007851935,0.14366424535916061,0.7635922890453654,0.9889370608461654,0.7063492063492064,0.07996406109613657,,,
is_triadic,TEXT,LR,6,0.6934216130679205,0.4052943388461685,0.5684288496071852,0.7418956814357824,0.30039525691699603,0.7794192562404483,0.9149349678576768,0.464722483537159,0.22192273135669363,,,
is_triadic,TEXT,XGB,6,0.724453438125138,0.477567107702469,0.5391679114857411,0.7641054402692092,0.15980823012385137,0.7654549664274137,0.9884885633129018,0.7220216606498195,0.08984725965858041,,,
is_triadic,TEXT,LR,7,0.6934216130679205,0.4052943388461685,0.5684288496071852,0.7418956814357824,0.30039525691699603,0.7794192562404483,0.9149349678576768,0.464722483537159,0.22192273135669363,,,
is_triadic,TEXT,XGB,7,0.7282981056587118,0.4834921806945156,0.5356476625407312,0.7630959057767807,0.1463217461600647,0.7640475366332065,0.989983555090447,0.7298387096774194,0.08131176999101528,,,
is_triadic,TEXT,LR,8,0.6934216130679205,0.4052943388461685,0.5684288496071852,0.7418956814357824,0.30039525691699603,0.7794192562404483,0.9149349678576768,0.464722483537159,0.22192273135669363,,,
is_triadic,TEXT,XGB,8,0.7243573315108672,0.4796024006308769,0.5369961102006392,0.7633202467750981,0.15192926045016078,0.7645903154975153,0.9890865600239198,0.7213740458015268,0.08490566037735849,,,
is_triadic,TEXT,LR,9,0.6934216130679205,0.4052943388461685,0.5684288496071852,0.7418956814357824,0.30039525691699603,0.7794192562404483,0.9149349678576768,0.464722483537159,0.22192273135669363,,,
is_triadic,TEXT,XGB,9,0.7229479021558104,0.47626563761346086,0.5362467673992932,0.7633202467750981,0.14850686037126715,0.7642848897610528,0.9898340559126925,0.7301587301587301,0.08265947888589398,,,
is_triadic,HYBRID,LR,0,0.7266921312256233,0.45992788066870327,0.6039240579100444,0.7562535053280988,0.38038209295694325,0.7957820277705004,0.9082075048587233,0.5206869633099142,0.2996406109613657,,,
is_triadic,HYBRID,XGB,0,0.769511959732739,0.5430132058242526,0.5787854286522898,0.7779024116657319,0.28930366116295764,0.7818073010173548,0.97652862909254,0.7196428571428571,0.18104222821203952,,,
is_triadic,HYBRID,LR,1,0.7266921312256233,0.45992788066870327,0.6039240579100444,0.7562535053280988,0.38038209295694325,0.7957820277705004,0.9082075048587233,0.5206869633099142,0.2996406109613657,,,
is_triadic,HYBRID,XGB,1,0.7729441948985721,0.5479620963149197,0.5829025661607738,0.7804823331463825,0.2998211091234347,0.7834890965732088,0.9775751233368216,0.7363796133567663,0.18823000898472597,,,
is_triadic,HYBRID,LR,2,0.7266921312256233,0.45992788066870327,0.6039240579100444,0.7562535053280988,0.38038209295694325,0.7957820277705004,0.9082075048587233,0.5206869633099142,0.2996406109613657,,,
is_triadic,HYBRID,XGB,2,0.7730356674412953,0.5463435346632004,0.5809575993199063,0.7784632641615256,0.29590017825311943,0.7827495201535508,0.9754821348482583,0.7167530224525043,0.18643306379155436,,,
is_triadic,HYBRID,LR,3,0.7266921312256233,0.45992788066870327,0.6039240579100444,0.7562535053280988,0.38038209295694325,0.7957820277705004,0.9082075048587233,0.5206869633099142,0.2996406109613657,,,
is_triadic,HYBRID,XGB,3,0.7735385649449008,0.5475950511610141,0.582381535333721,0.7783510936623668,0.3007784854918613,0.7834034876728804,0.9738376438929586,0.7083333333333334,0.19092542677448338,,,
is_triadic,HYBRID,LR,4,0.7266921312256233,0.45992788066870327,0.6039240579100444,0.7562535053280988,0.38038209295694325,0.7957820277705004,0.9082075048587233,0.5206869633099142,0.2996406109613657,,,
is_triadic,HYBRID,XGB,4,0.7750919863202207,0.5463730746048084,0.5809561217898477,0.7793606281547953,0.2947292936536393,0.7826867816091954,0.9772761249813126,0.7300177619893428,0.18463611859838275,,,
is_triadic,HYBRID,LR,5,0.7266921312256233,0.45992788066870327,0.6039240579100444,0.7562535053280988,0.38038209295694325,0.7957820277705004,0.9082075048587233,0.5206869633099142,0.2996406109613657,,,
is_triadic,HYBRID,XGB,5,0.7724274623407811,0.5494683767734586,0.5810305019962103,0.7796971396522715,0.29454022988505746,0.7826971401220534,0.9778741216923307,0.7347670250896058,0.18418688230008984,,,
is_triadic,HYBRID,LR,6,0.7266921312256233,0.45992788066870327,0.6039240579100444,0.7562535053280988,0.38038209295694325,0.7957820277705004,0.9082075048587233,0.5206869633099142,0.2996406109613657,,,
is_triadic,HYBRID,XGB,6,0.7759670199172396,0.5546826784716313,0.5826031984227501,0.780257992148065,0.2991055456171735,0.7833692786963815,0.9774256241590671,0.7346221441124781,0.18778077268643306,,,
is_triadic,HYBRID,LR,7,0.7266921312256233,0.45992788066870327,0.6039240579100444,0.7562535053280988,0.38038209295694325,0.7957820277705004,0.9082075048587233,0.5206869633099142,0.2996406109613657,,,
is_triadic,HYBRID,XGB,7,0.7743195739018224,0.5530157838150084,0.5803573863138003,0.7789119461581604,0.2932950878451058,0.7824473180076629,0.9769771266258036,0.7264653641207816,0.18373764600179696,,,
is_triadic,HYBRID,LR,8,0.7266921312256233,0.45992788066870327,0.6039240579100444,0.7562535053280988,0.38038209295694325,0.7957820277705004,0.9082075048587233,0.5206869633099142,0.2996406109613657,,,
is_triadic,HYBRID,XGB,8,0.7754302399629703,0.5509429135505671,0.5863476961343919,0.7816040381379697,0.30981921304501947,0.7849759615384615,0.9763791299147855,0.7344537815126051,0.1963162623539982,,,
is_triadic,HYBRID,LR,9,0.7266921312256233,0.45992788066870327,0.6039240579100444,0.7562535053280988,0.38038209295694325,0.7957820277705004,0.9082075048587233,0.5206869633099142,0.2996406109613657,,,
is_triadic,HYBRID,XGB,9,0.7748008121579769,0.5476034146340478,0.5818571800640362,0.7782389231632081,0.2991846862814605,0.7831730769230769,0.9741366422484676,0.7092436974789916,0.18957771787960467,,,
is_triadic,META,LR,0,0.6618324569565271,0.36368617344206366,0.5081717150510748,0.7479528883903533,0.054690786705931846,0.7534230944774076,0.987143070713111,0.4304635761589404,0.029200359389038633,,,
is_triadic,META,XGB,0,0.6802914750410922,0.3820685233426663,0.5109452068723415,0.7473920358945597,0.07095709570957096,0.7545026958816107,0.9832560920914934,0.43434343434343436,0.03863432165318958,,,
is_triadic,META,LR,1,0.6618324569565271,0.36368617344206366,0.5081717150510748,0.7479528883903533,0.054690786705931846,0.7534230944774076,0.987143070713111,0.4304635761589404,0.029200359389038633,,,
is_triadic,META,XGB,1,0.6811734261652037,0.38670054914382007,0.5124413067974308,0.7489624228827818,0.07367549668874172,0.7550716332378223,0.9849005830467933,0.46842105263157896,0.03998203054806829,,,
is_triadic,META,LR,2,0.6618324569565271,0.36368617344206366,0.5081717150510748,0.7479528883903533,0.054690786705931846,0.7534230944774076,0.987143070713111,0.4304635761589404,0.029200359389038633,,,
is_triadic,META,XGB,2,0.6783184015488813,0.38110836141386456,0.5114695621420264,0.7475042063937185,0.0732811856731165,0.7547061524334252,0.9829570937359845,0.43842364532019706,0.03998203054806829,,,
is_triadic,META,LR,3,0.6618324569565271,0.36368617344206366,0.5081717150510748,0.7479528883903533,0.054690786705931846,0.7534230944774076,0.987143070713111,0.4304635761589404,0.029200359389038633,,,
is_triadic,META,XGB,3,0.6805429237928948,0.3851149518206251,0.5121426778244363,0.7482893998878295,0.07425742574257425,0.7549615693472524,0.9838540888025116,0.45454545454545453,0.04043126684636118,,,
is_triadic,META,LR,4,0.6618324569565271,0.36368617344206366,0.5081717150510748,0.7479528883903533,0.054690786705931846,0.7534230944774076,0.987143070713111,0.4304635761589404,0.029200359389038633,,,
is_triadic,META,XGB,4,0.6803600458679059,0.38563120821948704,0.512514948238764,0.7497476163768929,0.0715771951727008,0.7550926985580224,0.9863955748243385,0.4858757062146893,0.03863432165318958,,,
is_triadic,META,LR,5,0.6618324569565271,0.36368617344206366,0.5081717150510748,0.7479528883903533,0.054690786705931846,0.7534230944774076,0.987143070713111,0.4304635761589404,0.029200359389038633,,,
is_triadic,META,XGB,5,0.6789916851324345,0.38120991364954265,0.5112427276977919,0.7487380818844643,0.06821963394342762,0.7546068444546183,0.9856480789355658,0.4606741573033708,0.036837376460017966,,,
is_triadic,META,LR,6,0.6618324569565271,0.36368617344206366,0.5081717150510748,0.7479528883903533,0.054690786705931846,0.7534230944774076,0.987143070713111,0.4304635761589404,0.029200359389038633,,,
is_triadic,META,XGB,6,0.6793128800190521,0.38346976466798877,0.5125919141227293,0.748513740886147,0.07584501236603462,0.755134825014343,0.9838540888025116,0.46,0.04132973944294699,,,
is_triadic,META,LR,7,0.6618324569565271,0.36368617344206366,0.5081717150510748,0.7479528883903533,0.054690786705931846,0.7534230944774076,0.987143070713111,0.4304635761589404,0.029200359389038633,,,
is_triadic,META,XGB,7,0.6802891580053183,0.38477495450969074,0.5132646604226246,0.7495232753785754,0.0761274306992139,0.755387436955525,0.9851995814023022,0.4816753926701571,0.04132973944294699,,,
is_triadic,META,LR,8,0.6618324569565271,0.36368617344206366,0.5081717150510748,0.7479528883903533,0.054690786705931846,0.7534230944774076,0.987143070713111,0.4304635761589404,0.029200359389038633,,,
is_triadic,META,XGB,8,0.6801758918942298,0.38212176446889157,0.5129667702146595,0.7484015703869882,0.07809288943690916,0.7552824988516307,0.9832560920914934,0.45893719806763283,0.0426774483378257,,,
is_triadic,META,LR,9,0.6618324569565271,0.36368617344206366,0.5081717150510748,0.7479528883903533,0.054690786705931846,0.7534230944774076,0.987143070713111,0.4304635761589404,0.029200359389038633,,,
is_triadic,META,XGB,9,0.6816610782450221,0.38941563624702724,0.514238621373117,0.7496354458777341,0.08072487644151564,0.7557672443475267,0.9844520855135297,0.48514851485148514,0.0440251572327044,,,
is_triadic,KG+META,LR,0,0.7059576161100206,0.44971122713206396,0.5753620922470372,0.7635445877734156,0.2963951935914553,0.7812154696132597,0.9512632680520258,0.5766233766233766,0.19946091644204852,,,
is_triadic,KG+META,XGB,0,0.7831196421905753,0.5482776459319447,0.5960895219344038,0.7813796971396523,0.34043993231810493,0.7895186904471048,0.966213185827478,0.6899862825788752,0.22596585804132974,,,
is_triadic,KG+META,LR,1,0.7059576161100206,0.44971122713206396,0.5753620922470372,0.7635445877734156,0.2963951935914553,0.7812154696132597,0.9512632680520258,0.5766233766233766,0.19946091644204852,,,
is_triadic,KG+META,XGB,1,0.7826957589648802,0.5508610849232132,0.5988615362256119,0.7817162086371284,0.348292029470864,0.7908031882280809,0.9641201973389146,0.6842105263157895,0.23360287511230907,,,
is_triadic,KG+META,LR,2,0.7059576161100206,0.44971122713206396,0.5753620922470372,0.7635445877734156,0.2963951935914553,0.7812154696132597,0.9512632680520258,0.5766233766233766,0.19946091644204852,,,
is_triadic,KG+META,XGB,2,0.7840270135477418,0.5563709566216122,0.6007350779202341,0.7816040381379697,0.35380019913707267,0.7917076771653543,0.9620272088503513,0.6772554002541296,0.2394429469901168,,,
is_triadic,KG+META,LR,3,0.7059576161100206,0.44971122713206396,0.5753620922470372,0.7635445877734156,0.2963951935914553,0.7812154696132597,0.9512632680520258,0.5766233766233766,0.19946091644204852,,,
is_triadic,KG+META,XGB,3,0.7850899621040404,0.5568230410995993,0.5991609039636355,0.7819405496354459,0.34896182183523106,0.7909258123850399,0.9642696965166692,0.6855263157894737,0.23405211141060198,,,
is_triadic,KG+META,LR,4,0.7059576161100206,0.44971122713206396,0.5753620922470372,0.7635445877734156,0.2963951935914553,0.7812154696132597,0.9512632680520258,0.5766233766233766,0.19946091644204852,,,
is_triadic,KG+META,XGB,4,0.7813906633801025,0.5543198176143286,0.6029779349690666,0.7847448121144139,0.3575493806494811,0.7924944812362031,0.9660636866497234,0.7017082785808147,0.2398921832884097,,,
is_triadic,KG+META,LR,5,0.7059576161100206,0.44971122713206396,0.5753620922470372,0.7635445877734156,0.2963951935914553,0.7812154696132597,0.9512632680520258,0.5766233766233766,0.19946091644204852,,,
is_triadic,KG+META,XGB,5,0.7861116741396108,0.5554496499283692,0.5999091386174376,0.7826135726303982,0.35053619302949063,0.7912222630869192,0.9648676932276873,0.6899736147757256,0.23495058400718777,,,
is_triadic,KG+META,LR,6,0.7059576161100206,0.44971122713206396,0.5753620922470372,0.7635445877734156,0.2963951935914553,0.7812154696132597,0.9512632680520258,0.5766233766233766,0.19946091644204852,,,
is_triadic,KG+META,XGB,6,0.7828194013666079,0.5533153784277798,0.6044003934528226,0.7855300056085249,0.3609625668449198,0.7931034482758621,0.966213185827478,0.7049608355091384,0.24258760107816713,,,
is_triadic,KG+META,LR,7,0.7059576161100206,0.44971122713206396,0.5753620922470372,0.7635445877734156,0.2963951935914553,0.7812154696132597,0.9512632680520258,0.5766233766233766,0.19946091644204852,,,
is_triadic,KG+META,XGB,7,0.7835803629270515,0.5502778971998565,0.5987853091066759,0.7825014021312395,0.3473577919892292,0.7906976744186046,0.9657646882942144,0.6926174496644295,0.23180592991913745,,,
is_triadic,KG+META,LR,8,0.7059576161100206,0.44971122713206396,0.5753620922470372,0.7635445877734156,0.2963951935914553,0.7812154696132597,0.9512632680520258,0.5766233766233766,0.19946091644204852,,,
is_triadic,KG+META,XGB,8,0.7813453972319415,0.5516250757651704,0.6007310147125727,0.7840717891194616,0.3516335466487033,0.7914831130690162,0.9669606817162506,0.702557200538358,0.23450134770889489,,,
is_triadic,KG+META,LR,9,0.7059576161100206,0.44971122713206396,0.5753620922470372,0.7635445877734156,0.2963951935914553,0.7812154696132597,0.9512632680520258,0.5766233766233766,0.19946091644204852,,,
is_triadic,KG+META,XGB,9,0.7847756175840583,0.5564082652426606,0.6065721947379245,0.786315199102636,0.36647821749251747,0.7940742562085075,0.9656151891164598,0.70550576184379,0.24752920035938905,,,
is_triadic,FULL,LR,0,0.7364027945734887,0.4669856949560231,0.604672661946361,0.7567021873247336,0.38187517811342264,0.7961215932914046,0.9083570040364778,0.5222135619641465,0.30098831985624436,,,
is_triadic,FULL,XGB,0,0.7954852927329565,0.5624648038698689,0.5897987362282445,0.7791362871564779,0.3236001374098248,0.7867557715674363,0.9680071759605322,0.6875912408759124,0.21159029649595687,,,
is_triadic,FULL,LR,1,0.7364027945734887,0.4669856949560231,0.604672661946361,0.7567021873247336,0.38187517811342264,0.7961215932914046,0.9083570040364778,0.5222135619641465,0.30098831985624436,,,
is_triadic,FULL,XGB,1,0.7970395536139915,0.5726824811882285,0.5954859844856657,0.7838474481211442,0.33620392697209783,0.7890264627336733,0.9717446554043953,0.7208271787296898,0.2192273135669362,,,
is_triadic,FULL,LR,2,0.7364027945734887,0.4669856949560231,0.604672661946361,0.7567021873247336,0.38187517811342264,0.7961215932914046,0.9083570040364778,0.5222135619641465,0.30098831985624436,,,
is_triadic,FULL,XGB,2,0.7938893923684498,0.5701647730058854,0.5989333307543718,0.7836231071228267,0.34676600067727736,0.7906692721055203,0.9678576767827777,0.7042640990371389,0.23000898472596587,,,
is_triadic,FULL,LR,3,0.7364027945734887,0.4669856949560231,0.604672661946361,0.7567021873247336,0.38187517811342264,0.7961215932914046,0.9083570040364778,0.5222135619641465,0.30098831985624436,,,
is_triadic,FULL,XGB,3,0.7937399603511525,0.562255370269234,0.5946648471555599,0.7819405496354459,0.33561175666438825,0.7888009738283628,0.9687546718493049,0.7014285714285714,0.2205750224618149,,,
is_triadic,FULL,LR,4,0.7364027945734887,0.4669856949560231,0.604672661946361,0.7567021873247336,0.38187517811342264,0.7961215932914046,0.9083570040364778,0.5222135619641465,0.30098831985624436,,,
is_triadic,FULL,XGB,4,0.7936407979360787,0.5652899663984019,0.594216719004811,0.7810431856421761,0.335149863760218,0.7886654478976234,0.9674091792495141,0.6929577464788732,0.2210242587601078,,,
is_triadic,FULL,LR,5,0.7364027945734887,0.4669856949560231,0.604672661946361,0.7567021873247336,0.38187517811342264,0.7961215932914046,0.9083570040364778,0.5222135619641465,0.30098831985624436,,,
is_triadic,FULL,XGB,5,0.7975999404689708,0.5739350288984333,0.5970601584422642,0.783510936623668,0.3412969283276451,0.7897941785409817,0.9695021677380774,0.7102272727272727,0.22461814914645103,,,
is_triadic,FULL,LR,6,0.7364027945734887,0.4669856949560231,0.604672661946361,0.7567021873247336,0.38187517811342264,0.7961215932914046,0.9083570040364778,0.5222135619641465,0.30098831985624436,,,
is_triadic,FULL,XGB,6,0.7951182272540628,0.5649250280146956,0.59593928399162,0.7816040381379697,0.3397761953204476,0.7894287109375,0.9668111825384961,0.6929460580912863,0.22506738544474394,,,
is_triadic,FULL,LR,7,0.7364027945734887,0.4669856949560231,0.604672661946361,0.7567021873247336,0.38187517811342264,0.7961215932914046,0.9083570040364778,0.5222135619641465,0.30098831985624436,,,
is_triadic,FULL,XGB,7,0.7953002656733367,0.5676038120909759,0.5954141899569059,0.7819405496354459,0.33787465940054495,0.7891529555149299,0.9680071759605322,0.6985915492957746,0.22282120395327942,,,
is_triadic,FULL,LR,8,0.7364027945734887,0.4669856949560231,0.604672661946361,0.7567021873247336,0.38187517811342264,0.7961215932914046,0.9083570040364778,0.5222135619641465,0.30098831985624436,,,
is_triadic,FULL,XGB,8,0.7975896313387888,0.5707589860372423,0.5978087624785808,0.7839596186203028,0.3431105047748977,0.7901084175904495,0.9696516669158319,0.7124645892351275,0.22596585804132974,,,
is_triadic,FULL,LR,9,0.7364027945734887,0.4669856949560231,0.604672661946361,0.7567021873247336,0.38187517811342264,0.7961215932914046,0.9083570040364778,0.5222135619641465,0.30098831985624436,,,
is_triadic,FULL,XGB,9,0.7955284433267154,0.5657956834049153,0.592118928543557,0.7808188446438586,0.3289835164835165,0.7877020294081906,0.9690536702048139,0.6982507288629738,0.2151841868823001,,,
is_triadic,NETFEAT,LR,0,0.6237658090679243,0.33303636420083865,0.5032989552384955,0.7491867638810993,0.023580786026200874,0.7515534967800248,0.9944685304230827,0.421875,0.012129380053908356,,,
is_triadic,NETFEAT,XGB,0,0.6323511653749696,0.34259412887028057,0.5077953814290859,0.7489624228827818,0.04927782497875956,0.7532718789120292,0.9895350575571834,0.453125,0.02605570530098832,,,
is_triadic,NETFEAT,LR,1,0.6237658090679243,0.33303636420083865,0.5032989552384955,0.7491867638810993,0.023580786026200874,0.7515534967800248,0.9944685304230827,0.421875,0.012129380053908356,,,
is_triadic,NETFEAT,XGB,1,0.6319684179293168,0.34318608416404295,0.5093695553856844,0.7486259113853057,0.05879882402351953,0.7538812785388128,0.9872925698908656,0.45161290322580644,0.031446540880503145,,,
is_triadic,NETFEAT,LR,2,0.6237658090679243,0.33303636420083865,0.5032989552384955,0.7491867638810993,0.023580786026200874,0.7515534967800248,0.9944685304230827,0.421875,0.012129380053908356,,,
is_triadic,NETFEAT,XGB,2,0.6309444895986585,0.3402125141215415,0.5073479920433663,0.7476163768928772,0.05143338954468803,0.7531075379176645,0.9872925698908656,0.4178082191780822,0.027403414195867025,,,
is_triadic,NETFEAT,LR,3,0.6237658090679243,0.33303636420083865,0.5032989552384955,0.7491867638810993,0.023580786026200874,0.7515534967800248,0.9944685304230827,0.421875,0.012129380053908356,,,
is_triadic,NETFEAT,XGB,3,0.6315567914870628,0.34353129815340666,0.5089206884699061,0.7481772293886708,0.05791019723038187,0.7537108928979219,0.9868440723576021,0.4394904458598726,0.03099730458221024,,,
is_triadic,NETFEAT,LR,4,0.6237658090679243,0.33303636420083865,0.5032989552384955,0.7491867638810993,0.023580786026200874,0.7515534967800248,0.9944685304230827,0.421875,0.012129380053908356,,,
is_triadic,NETFEAT,XGB,4,0.6309187671435462,0.3428583684228355,0.5096692925062227,0.7486259113853057,0.06037735849056604,0.7539972590223847,0.9869935715353566,0.4528301886792453,0.03234501347708895,,,
is_triadic,NETFEAT,LR,5,0.6237658090679243,0.33303636420083865,0.5032989552384955,0.7491867638810993,0.023580786026200874,0.7515534967800248,0.9944685304230827,0.421875,0.012129380053908356,,,
is_triadic,NETFEAT,XGB,5,0.6308454279242703,0.3422263892060804,0.5087700811446076,0.7486259113853057,0.05562579013906448,0.7536496350364964,0.9878905666018837,0.4489795918367347,0.029649595687331536,,,
is_triadic,NETFEAT,LR,6,0.6237658090679243,0.33303636420083865,0.5032989552384955,0.7491867638810993,0.023580786026200874,0.7515534967800248,0.9944685304230827,0.421875,0.012129380053908356,,,
is_triadic,NETFEAT,XGB,6,0.6323280621776886,0.342638579300214,0.5092936976492631,0.7491867638810993,0.056540084388185655,0.7538479078782351,0.9884885633129018,0.4652777777777778,0.03009883198562444,,,
is_triadic,NETFEAT,LR,7,0.6237658090679243,0.33303636420083865,0.5032989552384955,0.7491867638810993,0.023580786026200874,0.7515534967800248,0.9944685304230827,0.421875,0.012129380053908356,,,
is_triadic,NETFEAT,XGB,7,0.6317878906203303,0.341915323892235,0.5074978606036354,0.7476163768928772,0.05223251895534962,0.7531652788867343,0.987143070713111,0.4189189189189189,0.027852650494159928,,,
is_triadic,NETFEAT,LR,8,0.6237658090679243,0.33303636420083865,0.5032989552384955,0.7491867638810993,0.023580786026200874,0.7515534967800248,0.9944685304230827,0.421875,0.012129380053908356,,,
is_triadic,NETFEAT,XGB,8,0.6313934572551226,0.3420538336319025,0.5071218963641612,0.7484015703869882,0.0475583864118896,0.7530161620760301,0.9890865600239198,0.43410852713178294,0.025157232704402517,,,
is_triadic,NETFEAT,LR,9,0.6237658090679243,0.33303636420083865,0.5032989552384955,0.7491867638810993,0.023580786026200874,0.7515534967800248,0.9944685304230827,0.421875,0.012129380053908356,,,
is_triadic,NETFEAT,XGB,9,0.6316362423079449,0.3421909550950977,0.5092193174429005,0.7488502523836231,0.05726315789473684,0.7538215833903719,0.9878905666018837,0.4563758389261745,0.030548068283917342,,,
forward_citations_cat,KG,LR,0,,,0.5772209805365114,0.6086371284352216,,0.6934349355216881,0.7853507413144502,0.455012853470437,0.2638837122623928,0.5539590877693743,0.5216421240517626,0.6824284880326912
forward_citations_cat,KG,XGB,0,,,0.5913307839179902,0.635445877734156,,0.6835735896066916,0.8499668068156672,0.49116347569955815,0.24860231084606785,0.5738861372127716,0.5970072239422085,0.6754232340922358
forward_citations_cat,KG,LR,1,,,0.5772209805365114,0.6086371284352216,,0.6934349355216881,0.7853507413144502,0.455012853470437,0.2638837122623928,0.5539590877693743,0.5216421240517626,0.6824284880326912
forward_citations_cat,KG,XGB,1,,,0.5937519357778948,0.6369040942232193,,0.6805185579825963,0.8479752157556981,0.4992700729927007,0.254938501677227,0.5777838599716679,0.6071055381400209,0.678342089900759
forward_citations_cat,KG,LR,2,,,0.5772209805365114,0.6086371284352216,,0.6934349355216881,0.7853507413144502,0.455012853470437,0.2638837122623928,0.5539590877693743,0.5216421240517626,0.6824284880326912
forward_citations_cat,KG,XGB,2,,,0.5907561611940575,0.6351093662366798,,0.6827059659090909,0.8508519583978756,0.49107142857142855,0.24599329109206114,0.5729912256646736,0.5966993295513151,0.6754232340922358
forward_citations_cat,KG,LR,3,,,0.5772209805365114,0.6086371284352216,,0.6934349355216881,0.7853507413144502,0.455012853470437,0.2638837122623928,0.5539590877693743,0.5216421240517626,0.6824284880326912
forward_citations_cat,KG,XGB,3,,,0.5954784850313898,0.6388109927089175,,0.6838457437355607,0.851515822084532,0.5025906735751295,0.25307491613865074,0.5783880331460788,0.6029943211151265,0.6818447168709866
forward_citations_cat,KG,LR,4,,,0.5772209805365114,0.6086371284352216,,0.6934349355216881,0.7853507413144502,0.455012853470437,0.2638837122623928,0.5539590877693743,0.5216421240517626,0.6824284880326912
forward_citations_cat,KG,XGB,4,,,0.589380483429239,0.6348850252383623,,0.6798446876103071,0.8524009736667404,0.49292628443782577,0.2467387253074916,0.5728643324132701,0.6012591815320042,0.6690017513134852
forward_citations_cat,KG,LR,5,,,0.5772209805365114,0.6086371284352216,,0.6934349355216881,0.7853507413144502,0.455012853470437,0.2638837122623928,0.5539590877693743,0.5216421240517626,0.6824284880326912
forward_citations_cat,KG,XGB,5,,,0.5923485751688774,0.6371284352215367,,0.6829960951366703,0.851515822084532,0.49420289855072463,0.2541930674617965,0.5767096780916086,0.6049447659126775,0.6713368359603036
forward_citations_cat,KG,LR,6,,,0.5772209805365114,0.6086371284352216,,0.6934349355216881,0.7853507413144502,0.455012853470437,0.2638837122623928,0.5539590877693743,0.5216421240517626,0.6824284880326912
forward_citations_cat,KG,XGB,6,,,0.5947836272879229,0.6391475042063938,,0.6825902335456475,0.8537287010400532,0.5014749262536873,0.253447633246366,0.5787428191066047,0.6082852648138437,0.6771745475773496
forward_citations_cat,KG,LR,7,,,0.5772209805365114,0.6086371284352216,,0.6934349355216881,0.7853507413144502,0.455012853470437,0.2638837122623928,0.5539590877693743,0.5216421240517626,0.6824284880326912
forward_citations_cat,KG,XGB,7,,,0.5903733103126888,0.635445877734156,,0.6824300389656394,0.8526222615622926,0.4918032786885246,0.24599329109206114,0.5730029446447676,0.5978204462895693,0.6725043782837128
forward_citations_cat,KG,LR,8,,,0.5772209805365114,0.6086371284352216,,0.6934349355216881,0.7853507413144502,0.455012853470437,0.2638837122623928,0.5539590877693743,0.5216421240517626,0.6824284880326912
forward_citations_cat,KG,XGB,8,,,0.5915334373392062,0.6352215367358385,,0.6805875066359937,0.8510732462934277,0.4876219054763691,0.2422661200149087,0.5735174339335026,0.6043500776799585,0.681260945709282
forward_citations_cat,KG,LR,9,,,0.5772209805365114,0.6086371284352216,,0.6934349355216881,0.7853507413144502,0.455012853470437,0.2638837122623928,0.5539590877693743,0.5216421240517626,0.6824284880326912
forward_citations_cat,KG,XGB,9,,,0.5930949947201895,0.6371284352215367,,0.6836571021208341,0.8488603673379066,0.4893917963224894,0.25792023853894896,0.578209885313338,0.6095238095238096,0.6725043782837128
forward_citations_cat,TEXT,LR,0,,,0.44942473258274385,0.47717330342120023,,0.6129744042365401,0.6147377738437707,0.3400560224089636,0.2262392843831532,0.42957316016205144,0.3344880677444188,0.5072971395213076
forward_citations_cat,TEXT,XGB,0,,,0.46100503909438134,0.5111609646662928,,0.6027146001467352,0.7271520247842443,0.36298932384341637,0.1520685799478196,0.43313863745450903,0.36896109448482256,0.50379451255108
forward_citations_cat,TEXT,LR,1,,,0.44942473258274385,0.47717330342120023,,0.6129744042365401,0.6147377738437707,0.3400560224089636,0.2262392843831532,0.42957316016205144,0.3344880677444188,0.5072971395213076
forward_citations_cat,TEXT,XGB,1,,,0.46156457608747264,0.5095905776780707,,0.6006277695716395,0.7198495242310246,0.36731107205623903,0.15579575102497203,0.43390932356041906,0.36933502753070735,0.5090484530064214
forward_citations_cat,TEXT,LR,2,,,0.44942473258274385,0.47717330342120023,,0.6129744042365401,0.6147377738437707,0.3400560224089636,0.2262392843831532,0.42957316016205144,0.3344880677444188,0.5072971395213076
forward_citations_cat,TEXT,XGB,2,,,0.46155493498176003,0.5099270891755469,,0.6016635859519408,0.7202921000221288,0.3740053050397878,0.15765933656354827,0.43407698613391726,0.36562763268744736,0.506713368359603
forward_citations_cat,TEXT,LR,3,,,0.44942473258274385,0.47717330342120023,,0.6129744042365401,0.6147377738437707,0.3400560224089636,0.2262392843831532,0.42957316016205144,0.3344880677444188,0.5072971395213076
forward_citations_cat,TEXT,XGB,3,,,0.45888649052174557,0.5095905776780707,,0.6042820228866741,0.7244965700376189,0.36617262423714037,0.15654118524040253,0.4320634457796135,0.36127659574468085,0.4956217162872154
forward_citations_cat,TEXT,LR,4,,,0.44942473258274385,0.47717330342120023,,0.6129744042365401,0.6147377738437707,0.3400560224089636,0.2262392843831532,0.42957316016205144,0.3344880677444188,0.5072971395213076
forward_citations_cat,TEXT,XGB,4,,,0.4575781454277676,0.5079080201906898,,0.596963044273692,0.7220624031865457,0.3727598566308244,0.15505031680954157,0.43075304124188407,0.3639091298756965,0.4956217162872154
forward_citations_cat,TEXT,LR,5,,,0.44942473258274385,0.47717330342120023,,0.6129744042365401,0.6147377738437707,0.3400560224089636,0.2262392843831532,0.42957316016205144,0.3344880677444188,0.5072971395213076
forward_citations_cat,TEXT,XGB,5,,,0.46232548863377604,0.5108244531688166,,0.6020652775216669,0.7225049789776499,0.3719892952720785,0.15542303391725681,0.43436157284442967,0.3677773091522564,0.5090484530064214
forward_citations_cat,TEXT,LR,6,,,0.44942473258274385,0.47717330342120023,,0.6129744042365401,0.6147377738437707,0.3400560224089636,0.2262392843831532,0.42957316016205144,0.3344880677444188,0.5072971395213076
forward_citations_cat,TEXT,XGB,6,,,0.4599432387955149,0.5085810431856421,,0.5995212668016939,0.7205133879176809,0.3650088809946714,0.15318673127096533,0.43207220251273015,0.36768447837150126,0.5061295971978984
forward_citations_cat,TEXT,LR,7,,,0.44942473258274385,0.47717330342120023,,0.6129744042365401,0.6147377738437707,0.3400560224089636,0.2262392843831532,0.42957316016205144,0.3344880677444188,0.5072971395213076
forward_citations_cat,TEXT,XGB,7,,,0.4595149008623444,0.5090297251822771,,0.6001841620626152,0.7211772516043372,0.36623376623376624,0.15765933656354827,0.43300548693785856,0.36738197424892705,0.4997081144191477
forward_citations_cat,TEXT,LR,8,,,0.44942473258274385,0.47717330342120023,,0.6129744042365401,0.6147377738437707,0.3400560224089636,0.2262392843831532,0.42957316016205144,0.3344880677444188,0.5072971395213076
forward_citations_cat,TEXT,XGB,8,,,0.46246045417918474,0.5109366236679753,,0.6007366482504604,0.7218411152909936,0.3780160857908847,0.15765933656354827,0.434944634315183,0.36770921386306,0.5078809106830122
forward_citations_cat,TEXT,LR,9,,,0.44942473258274385,0.47717330342120023,,0.6129744042365401,0.6147377738437707,0.3400560224089636,0.2262392843831532,0.42957316016205144,0.3344880677444188,0.5072971395213076
forward_citations_cat,TEXT,XGB,9,,,0.4612882777084897,0.5112731351654515,,0.6025242363270532,0.7289223279486612,0.3666044776119403,0.14647782333209095,0.431688516851614,0.36658249158249157,0.5084646818447168
forward_citations_cat,HYBRID,LR,0,,,0.5788512628242494,0.5950644980370162,,0.7109598067208434,0.7163089179021908,0.41950757575757575,0.3302273574357063,0.559897914814884,0.5253333333333333,0.6900175131348512
forward_citations_cat,HYBRID,XGB,0,,,0.5940445977557229,0.6340998317442512,,0.6823104693140795,0.8364682451869883,0.49019607843137253,0.2609019754006709,0.5776997043830813,0.6024653312788906,0.6847635726795096
forward_citations_cat,HYBRID,LR,1,,,0.5788512628242494,0.5950644980370162,,0.7109598067208434,0.7163089179021908,0.41950757575757575,0.3302273574357063,0.559897914814884,0.5253333333333333,0.6900175131348512
forward_citations_cat,HYBRID,XGB,1,,,0.5911212452628881,0.6319685922602356,,0.6828034682080925,0.8364682451869883,0.4852112676056338,0.2568020872158032,0.5740827166890079,0.5946911689637571,0.6800934033858728
forward_citations_cat,HYBRID,LR,2,,,0.5788512628242494,0.5950644980370162,,0.7109598067208434,0.7163089179021908,0.41950757575757575,0.3302273574357063,0.559897914814884,0.5253333333333333,0.6900175131348512
forward_citations_cat,HYBRID,XGB,2,,,0.5884532934708145,0.6312955692652832,,0.6823169634826408,0.8393449878291658,0.4875974486180014,0.256429370108088,0.5719829907327232,0.5897172236503856,0.6695855224751898
forward_citations_cat,HYBRID,LR,3,,,0.5788512628242494,0.5950644980370162,,0.7109598067208434,0.7163089179021908,0.41950757575757575,0.3302273574357063,0.559897914814884,0.5253333333333333,0.6900175131348512
forward_citations_cat,HYBRID,XGB,3,,,0.5954034192537554,0.6357823892316321,,0.683745264297312,0.8386811241425094,0.4985855728429986,0.26276556093924713,0.5788488476093074,0.5990806945863125,0.6847635726795096
forward_citations_cat,HYBRID,LR,4,,,0.5788512628242494,0.5950644980370162,,0.7109598067208434,0.7163089179021908,0.41950757575757575,0.3302273574357063,0.559897914814884,0.5253333333333333,0.6900175131348512
forward_citations_cat,HYBRID,XGB,4,,,0.593989724735266,0.6346606842400448,,0.6831201585299946,0.8391236999336136,0.48976711362032466,0.2586656727543794,0.5773672823709531,0.6019517205957884,0.684179801517805
forward_citations_cat,HYBRID,LR,5,,,0.5788512628242494,0.5950644980370162,,0.7109598067208434,0.7163089179021908,0.41950757575757575,0.3302273574357063,0.559897914814884,0.5253333333333333,0.6900175131348512
forward_citations_cat,HYBRID,XGB,5,,,0.5915479501230879,0.6334268087492989,,0.6839256720187624,0.8389024120380615,0.4878048780487805,0.2609019754006709,0.5756412142653325,0.5967991739803821,0.6748394629305312
forward_citations_cat,HYBRID,LR,6,,,0.5788512628242494,0.5950644980370162,,0.7109598067208434,0.7163089179021908,0.41950757575757575,0.3302273574357063,0.559897914814884,0.5253333333333333,0.6900175131348512
forward_citations_cat,HYBRID,XGB,6,,,0.5856924892996779,0.6278182837913628,,0.6805054151624549,0.8342553662314671,0.4758909853249476,0.25382035035408124,0.5691284607392987,0.5895061728395061,0.6690017513134852
forward_citations_cat,HYBRID,LR,7,,,0.5788512628242494,0.5950644980370162,,0.7109598067208434,0.7163089179021908,0.41950757575757575,0.3302273574357063,0.559897914814884,0.5253333333333333,0.6900175131348512
forward_citations_cat,HYBRID,XGB,7,,,0.5911294083647783,0.6326416152551879,,0.6816304543005925,0.840008851515822,0.4874191229331416,0.2527021990309355,0.5737295154152005,0.5964194373401535,0.6806771745475774
forward_citations_cat,HYBRID,LR,8,,,0.5788512628242494,0.5950644980370162,,0.7109598067208434,0.7163089179021908,0.41950757575757575,0.3302273574357063,0.559897914814884,0.5253333333333333,0.6900175131348512
forward_citations_cat,HYBRID,XGB,8,,,0.5900298915159689,0.632192933258553,,0.6827424869533921,0.8395662757247179,0.48652482269503544,0.2556839358926575,0.5732681699903286,0.5934291581108829,0.6748394629305312
forward_citations_cat,HYBRID,LR,9,,,0.5788512628242494,0.5950644980370162,,0.7109598067208434,0.7163089179021908,0.41950757575757575,0.3302273574357063,0.559897914814884,0.5253333333333333,0.6900175131348512
forward_citations_cat,HYBRID,XGB,9,,,0.5914367634734163,0.6330902972518228,,0.683745264297312,0.8386811241425094,0.48909218859957776,0.25903838986209465,0.5748884121643035,0.5940543311122501,0.676590776415645
forward_citations_cat,META,LR,0,,,0.40265349980004855,0.5187885586090858,,0.5370563674321504,0.9108209780924983,0.0,0.0,0.3400654958304359,0.40982286634460546,0.2971395213076474
forward_citations_cat,META,XGB,0,,,0.4278733929949022,0.5139652271452608,,0.5570843091334895,0.8422217304713432,0.3160919540229885,0.020499440924338426,0.3690754061347982,0.3776846516500786,0.4208990075890251
forward_citations_cat,META,LR,1,,,0.40265349980004855,0.5187885586090858,,0.5370563674321504,0.9108209780924983,0.0,0.0,0.3400654958304359,0.40982286634460546,0.2971395213076474
forward_citations_cat,META,XGB,1,,,0.4287066275642986,0.513853056646102,,0.5563865669452999,0.8395662757247179,0.3407821229050279,0.022735743570629893,0.3706271232830219,0.37871674491392804,0.4238178633975482
forward_citations_cat,META,LR,2,,,0.40265349980004855,0.5187885586090858,,0.5370563674321504,0.9108209780924983,0.0,0.0,0.3400654958304359,0.40982286634460546,0.2971395213076474
forward_citations_cat,META,XGB,2,,,0.4269787003748904,0.5139652271452608,,0.5569861009509876,0.8424430183668953,0.3333333333333333,0.024599329109206113,0.3702849371788084,0.3767268862911796,0.4138937536485698
forward_citations_cat,META,LR,3,,,0.40265349980004855,0.5187885586090858,,0.5370563674321504,0.9108209780924983,0.0,0.0,0.3400654958304359,0.40982286634460546,0.2971395213076474
forward_citations_cat,META,XGB,3,,,0.42971454017858973,0.5163208076275939,,0.5577596266044341,0.8462049125912813,0.33136094674556216,0.02087215803205367,0.37098485291201744,0.3825396825396825,0.4220665499124343
forward_citations_cat,META,LR,4,,,0.40265349980004855,0.5187885586090858,,0.5370563674321504,0.9108209780924983,0.0,0.0,0.3400654958304359,0.40982286634460546,0.2971395213076474
forward_citations_cat,META,XGB,4,,,0.4280000579754466,0.5148625911385306,,0.555814291951681,0.8450984731135207,0.3231707317073171,0.01975400670890794,0.3691621422561228,0.3819148936170213,0.4191476941039113
forward_citations_cat,META,LR,5,,,0.40265349980004855,0.5187885586090858,,0.5370563674321504,0.9108209780924983,0.0,0.0,0.3400654958304359,0.40982286634460546,0.2971395213076474
forward_citations_cat,META,XGB,5,,,0.42789999043531024,0.5131800336511497,,0.5554255630301258,0.8404514273069263,0.30246913580246915,0.018263138278046962,0.3682026806434549,0.3801566579634465,0.4249854057209574
forward_citations_cat,META,LR,6,,,0.40265349980004855,0.5187885586090858,,0.5370563674321504,0.9108209780924983,0.0,0.0,0.3400654958304359,0.40982286634460546,0.2971395213076474
forward_citations_cat,META,XGB,6,,,0.43016101991815575,0.5167694896242289,,0.5572552447552448,0.8464262004868334,0.3532934131736527,0.021990309355199404,0.37181999847258923,0.3837579617834395,0.4220665499124343
forward_citations_cat,META,LR,7,,,0.40265349980004855,0.5187885586090858,,0.5370563674321504,0.9108209780924983,0.0,0.0,0.3400654958304359,0.40982286634460546,0.2971395213076474
forward_citations_cat,META,XGB,7,,,0.42945983228158785,0.5165451486259114,,0.5570596797671034,0.8468687762779376,0.33519553072625696,0.02236302646291465,0.37173669828002476,0.38478027867095393,0.4191476941039113
forward_citations_cat,META,LR,8,,,0.40265349980004855,0.5187885586090858,,0.5370563674321504,0.9108209780924983,0.0,0.0,0.3400654958304359,0.40982286634460546,0.2971395213076474
forward_citations_cat,META,XGB,8,,,0.42872466930278486,0.5137408861469434,,0.5567480152896207,0.8380172604558531,0.35175879396984927,0.02609019754006709,0.37209204674430724,0.3777429467084639,0.4220665499124343
forward_citations_cat,META,LR,9,,,0.40265349980004855,0.5187885586090858,,0.5370563674321504,0.9108209780924983,0.0,0.0,0.3400654958304359,0.40982286634460546,0.2971395213076474
forward_citations_cat,META,XGB,9,,,0.43076916271144755,0.5175546831183399,,0.5581327498176514,0.8466474883823855,0.37158469945355194,0.0253447633246366,0.37377651426819597,0.38359083644112946,0.4203152364273205
forward_citations_cat,KG+META,LR,0,,,0.5876284463736967,0.6172742568704431,,0.6995876693500883,0.7884487718521797,0.4592274678111588,0.2791651136787179,0.5662499807546049,0.5435874030123231,0.6952714535901926
forward_citations_cat,KG+META,XGB,0,,,0.5977387216425666,0.6397083567021873,,0.6859180035650624,0.851515822084532,0.501123595505618,0.24934774506149832,0.5789467586656799,0.6020304568527919,0.6923525977816696
forward_citations_cat,KG+META,LR,1,,,0.5876284463736967,0.6172742568704431,,0.6995876693500883,0.7884487718521797,0.4592274678111588,0.2791651136787179,0.5662499807546049,0.5435874030123231,0.6952714535901926
forward_citations_cat,KG+META,XGB,1,,,0.5986599567017474,0.6408300616937745,,0.6864179903623059,0.8510732462934277,0.5104011887072808,0.2560566530003727,0.5808116935844573,0.6002034587995931,0.688849970811442
forward_citations_cat,KG+META,LR,2,,,0.5876284463736967,0.6172742568704431,,0.6995876693500883,0.7884487718521797,0.4592274678111588,0.2791651136787179,0.5662499807546049,0.5435874030123231,0.6952714535901926
forward_citations_cat,KG+META,XGB,2,,,0.600077217569906,0.6411665731912507,,0.686830835117773,0.8517371099800841,0.5098934550989346,0.24972046216921356,0.580326988466349,0.5993990986479719,0.6987740805604203
forward_citations_cat,KG+META,LR,3,,,0.5876284463736967,0.6172742568704431,,0.6995876693500883,0.7884487718521797,0.4592274678111588,0.2791651136787179,0.5662499807546049,0.5435874030123231,0.6952714535901926
forward_citations_cat,KG+META,XGB,3,,,0.59938517837111,0.6409422321929332,,0.687043307788273,0.8530648373533968,0.5103766333589547,0.2474841595229221,0.5792012178009286,0.5966050923614579,0.6976065382370111
forward_citations_cat,KG+META,LR,4,,,0.5876284463736967,0.6172742568704431,,0.6995876693500883,0.7884487718521797,0.4592274678111588,0.2791651136787179,0.5662499807546049,0.5435874030123231,0.6952714535901926
forward_citations_cat,KG+META,XGB,4,,,0.6007358367672522,0.6419517666853618,,0.6889207087882585,0.8517371099800841,0.5093632958801498,0.253447633246366,0.5815210193829888,0.599096838936277,0.6970227670753065
forward_citations_cat,KG+META,LR,5,,,0.5876284463736967,0.6172742568704431,,0.6995876693500883,0.7884487718521797,0.4592274678111588,0.2791651136787179,0.5662499807546049,0.5435874030123231,0.6952714535901926
forward_citations_cat,KG+META,XGB,5,,,0.6000418642917578,0.6406057206954571,,0.6869627507163324,0.8488603673379066,0.5093773443360841,0.25307491613865074,0.5806986698419195,0.5985985985985987,0.6981903093987157
forward_citations_cat,KG+META,LR,6,,,0.5876284463736967,0.6172742568704431,,0.6995876693500883,0.7884487718521797,0.4592274678111588,0.2791651136787179,0.5662499807546049,0.5435874030123231,0.6952714535901926
forward_citations_cat,KG+META,XGB,6,,,0.5978356704343044,0.6389231632080763,,0.6841261357562801,0.8497455189201151,0.5088393543428132,0.2467387253074916,0.5777654421916648,0.5967016491754122,0.6970227670753065
forward_citations_cat,KG+META,LR,7,,,0.5876284463736967,0.6172742568704431,,0.6995876693500883,0.7884487718521797,0.4592274678111588,0.2791651136787179,0.5662499807546049,0.5435874030123231,0.6952714535901926
forward_citations_cat,KG+META,XGB,7,,,0.5962357861613538,0.6379136287156478,,0.6868958109559613,0.8490816552334587,0.4977544910179641,0.24785687663063735,0.57661920870322,0.5945810336176618,0.691768826619965
forward_citations_cat,KG+META,LR,8,,,0.5876284463736967,0.6172742568704431,,0.6995876693500883,0.7884487718521797,0.4592274678111588,0.2791651136787179,0.5662499807546049,0.5435874030123231,0.6952714535901926
forward_citations_cat,KG+META,XGB,8,,,0.6012016987861527,0.6427369601794728,,0.6883812243441014,0.853507413144501,0.5179252479023646,0.25307491613865074,0.5816949675618178,0.5967016491754122,0.6970227670753065
forward_citations_cat,KG+META,LR,9,,,0.5876284463736967,0.6172742568704431,,0.6995876693500883,0.7884487718521797,0.4592274678111588,0.2791651136787179,0.5662499807546049,0.5435874030123231,0.6952714535901926
forward_citations_cat,KG+META,XGB,9,,,0.5975976263398756,0.641054402692092,,0.6880897276126046,0.8552777163089179,0.5113636363636364,0.2515840477077898,0.578853048648397,0.5940343781597573,0.6859311150029188
forward_citations_cat,FULL,LR,0,,,0.5855328431238918,0.6026920919798093,,0.7161304442985336,0.7240539942465147,0.42369755647763946,0.3425270219903094,0.5688651218244773,0.5429490124023886,0.6900175131348512
forward_citations_cat,FULL,XGB,0,,,0.596624411595038,0.634997195737521,,0.6870353581142339,0.8384598362469573,0.487627365356623,0.24972046216921356,0.5761593972703419,0.5932872655478776,0.7016929363689434
forward_citations_cat,FULL,LR,1,,,0.5855328431238918,0.6026920919798093,,0.7161304442985336,0.7240539942465147,0.42369755647763946,0.3425270219903094,0.5688651218244773,0.5429490124023886,0.6900175131348512
forward_citations_cat,FULL,XGB,1,,,0.6003359668783436,0.6392596747055524,,0.6890376266280752,0.8428855941579996,0.5047688921496698,0.256429370108088,0.5805406761051515,0.5938735177865613,0.7016929363689434
forward_citations_cat,FULL,LR,2,,,0.5855328431238918,0.6026920919798093,,0.7161304442985336,0.7240539942465147,0.42369755647763946,0.3425270219903094,0.5688651218244773,0.5429490124023886,0.6900175131348512
forward_citations_cat,FULL,XGB,2,,,0.5976480774661501,0.6351093662366798,,0.687032646361481,0.8335915025448108,0.48910751932536894,0.2594111069698099,0.5788475648175867,0.5968143354902937,0.6999416228838296
forward_citations_cat,FULL,LR,3,,,0.5855328431238918,0.6026920919798093,,0.7161304442985336,0.7240539942465147,0.42369755647763946,0.3425270219903094,0.5688651218244773,0.5429490124023886,0.6900175131348512
forward_citations_cat,FULL,XGB,3,,,0.5984306981685181,0.6364554122265844,,0.6879767526334908,0.8382385483514052,0.4981738495252009,0.2541930674617965,0.5779848833109419,0.5901960784313726,0.7028604786923526
forward_citations_cat,FULL,LR,4,,,0.5855328431238918,0.6026920919798093,,0.7161304442985336,0.7240539942465147,0.42369755647763946,0.3425270219903094,0.5688651218244773,0.5429490124023886,0.6900175131348512
forward_citations_cat,FULL,XGB,4,,,0.599481909420855,0.6375771172181717,,0.6867862969004894,0.8384598362469573,0.5014471780028944,0.25829295564666416,0.5802393241730804,0.5962301587301587,0.7016929363689434
forward_citations_cat,FULL,LR,5,,,0.5855328431238918,0.6026920919798093,,0.7161304442985336,0.7240539942465147,0.42369755647763946,0.3425270219903094,0.5688651218244773,0.5429490124023886,0.6900175131348512
forward_citations_cat,FULL,XGB,5,,,0.5983652361015316,0.6355580482333146,,0.689522764673615,0.8344766541270192,0.48797736916548795,0.25717480432351847,0.5784875517064135,0.593011811023622,0.7034442498540572
forward_citations_cat,FULL,LR,6,,,0.5855328431238918,0.6026920919798093,,0.7161304442985336,0.7240539942465147,0.42369755647763946,0.3425270219903094,0.5688651218244773,0.5429490124023886,0.6900175131348512
forward_citations_cat,FULL,XGB,6,,,0.5962424459816417,0.6336511497476164,,0.6864314296107675,0.8351405178136756,0.4851125635439361,0.24897502795378307,0.5752672718018333,0.5916666666666667,0.7046117921774664
forward_citations_cat,FULL,LR,7,,,0.5855328431238918,0.6026920919798093,,0.7161304442985336,0.7240539942465147,0.42369755647763946,0.3425270219903094,0.5688651218244773,0.5429490124023886,0.6900175131348512
forward_citations_cat,FULL,XGB,7,,,0.5996169750341728,0.6386988222097588,,0.6917471306248861,0.8402301394113741,0.4985855728429986,0.26276556093924713,0.580982408280519,0.5924453280318092,0.6958552247518972
forward_citations_cat,FULL,LR,8,,,0.5855328431238918,0.6026920919798093,,0.7161304442985336,0.7240539942465147,0.42369755647763946,0.3425270219903094,0.5688651218244773,0.5429490124023886,0.6900175131348512
forward_citations_cat,FULL,XGB,8,,,0.5982173182377987,0.6366797532249019,,0.6901203062340503,0.8377959725603009,0.4946543121881682,0.2586656727543794,0.5787537869271323,0.5903257650542941,0.6981903093987157
forward_citations_cat,FULL,LR,9,,,0.5855328431238918,0.6026920919798093,,0.7161304442985336,0.7240539942465147,0.42369755647763946,0.3425270219903094,0.5688651218244773,0.5429490124023886,0.6900175131348512
forward_citations_cat,FULL,XGB,9,,,0.5976358729528242,0.6361189007291083,,0.6879767526334908,0.8382385483514052,0.49673676577229875,0.25531121878494223,0.5777037474124619,0.5901477832512315,0.699357851722125
forward_citations_cat,NETFEAT,LR,0,,,0.4117174267799352,0.5104879416713405,,0.5461785664384519,0.8650143837132109,0.3492063492063492,0.008199776369735371,0.34981723156735706,0.36578171091445427,0.3619381202568593
forward_citations_cat,NETFEAT,XGB,0,,,0.422195018554852,0.5111609646662928,,0.5558153126826417,0.841779154680239,0.3167420814479638,0.02609019754006709,0.3670452162715942,0.3691891891891892,0.39871570344424984
forward_citations_cat,NETFEAT,LR,1,,,0.4117174267799352,0.5104879416713405,,0.5461785664384519,0.8650143837132109,0.3492063492063492,0.008199776369735371,0.34981723156735706,0.36578171091445427,0.3619381202568593
forward_citations_cat,NETFEAT,XGB,1,,,0.4204156670205725,0.5094784071789119,,0.5552785923753666,0.8380172604558531,0.32677165354330706,0.030935519940365263,0.36754861457631655,0.3650190114068441,0.3922942206654991
forward_citations_cat,NETFEAT,LR,2,,,0.4117174267799352,0.5104879416713405,,0.5461785664384519,0.8650143837132109,0.3492063492063492,0.008199776369735371,0.34981723156735706,0.36578171091445427,0.3619381202568593
forward_citations_cat,NETFEAT,XGB,2,,,0.4225648170499871,0.511048794167134,,0.5561740149406768,0.8402301394113741,0.32456140350877194,0.027581065970928065,0.36786123190824754,0.3682795698924731,0.3998832457676591
forward_citations_cat,NETFEAT,LR,3,,,0.4117174267799352,0.5104879416713405,,0.5461785664384519,0.8650143837132109,0.3492063492063492,0.008199776369735371,0.34981723156735706,0.36578171091445427,0.3619381202568593
forward_citations_cat,NETFEAT,XGB,3,,,0.4217175821535402,0.5095905776780707,,0.5557352941176471,0.8362469572914362,0.3201581027667984,0.030190085724934774,0.3683339482688868,0.3668098818474758,0.39871570344424984
forward_citations_cat,NETFEAT,LR,4,,,0.4117174267799352,0.5104879416713405,,0.5461785664384519,0.8650143837132109,0.3492063492063492,0.008199776369735371,0.34981723156735706,0.36578171091445427,0.3619381202568593
forward_citations_cat,NETFEAT,XGB,4,,,0.42347578087254045,0.514301738642737,,0.556442251886245,0.8486390794423545,0.33480176211453744,0.028326500186358555,0.3695157168353486,0.3752783964365256,0.39346176298890834
forward_citations_cat,NETFEAT,LR,5,,,0.4117174267799352,0.5104879416713405,,0.5461785664384519,0.8650143837132109,0.3492063492063492,0.008199776369735371,0.34981723156735706,0.36578171091445427,0.3619381202568593
forward_citations_cat,NETFEAT,XGB,5,,,0.4229788621239849,0.5113853056646102,,0.5560932688077431,0.8391236999336136,0.34274193548387094,0.03168095415579575,0.36998006514937565,0.36904761904761907,0.39813193228254523
forward_citations_cat,NETFEAT,LR,6,,,0.4117174267799352,0.5104879416713405,,0.5461785664384519,0.8650143837132109,0.3492063492063492,0.008199776369735371,0.34981723156735706,0.36578171091445427,0.3619381202568593
forward_citations_cat,NETFEAT,XGB,6,,,0.4209188155943198,0.5119461581604038,,0.555120394545982,0.8468687762779376,0.3148148148148148,0.0253447633246366,0.36596040220675513,0.3706371191135734,0.3905429071803853
forward_citations_cat,NETFEAT,LR,7,,,0.4117174267799352,0.5104879416713405,,0.5461785664384519,0.8650143837132109,0.3492063492063492,0.008199776369735371,0.34981723156735706,0.36578171091445427,0.3619381202568593
forward_citations_cat,NETFEAT,XGB,7,,,0.4213711699541107,0.5108244531688166,,0.5552470038000584,0.8406727152024784,0.33884297520661155,0.03056280283265002,0.36821479085395503,0.3675587110868378,0.39287799182720373
forward_citations_cat,NETFEAT,LR,8,,,0.4117174267799352,0.5104879416713405,,0.5461785664384519,0.8650143837132109,0.3492063492063492,0.008199776369735371,0.34981723156735706,0.36578171091445427,0.3619381202568593
forward_citations_cat,NETFEAT,XGB,8,,,0.4223124350297152,0.511048794167134,,0.5560105293945599,0.8413365788891347,0.3333333333333333,0.025717480432351846,0.366551676015324,0.3663101604278075,0.3998832457676591
forward_citations_cat,NETFEAT,LR,9,,,0.4117174267799352,0.5104879416713405,,0.5461785664384519,0.8650143837132109,0.3492063492063492,0.008199776369735371,0.34981723156735706,0.36578171091445427,0.3619381202568593
forward_citations_cat,NETFEAT,XGB,9,,,0.4218092490609031,0.511048794167134,,0.5552312855683642,0.8420004425757911,0.32272727272727275,0.026462914647782332,0.3668873895285218,0.3691639522258415,0.396964389959136
